id,text,anger,fear,sadness
1,"Stressed and uninformed. Don't feel enough is being done by the government to help with the NHS crisis or the proper enforcement of social distancing.nhs staff should be tested immediately and given the right equipment to fight the Corona virus. There should be a full lockdown straight away to stop the spread.the equipment side of it is the fact that they aren't really getting enough or even any at all.how can you be expected to take urgent care of someone, and also be worried that you might catch it,or maybe even already have it.",True,True,False
2,"I feel worried about the virus, burnout about me getting it. My mother is undergoing chemotherapy and has been told no one knows if treatment will continue if nhs becomes overwhelmed. So I am worried most about her treatment ending  also, because of the chemotherapy her immune system is lower and it could really hurt her if she caught it. So at the moment I am just keeping up to date on numbers and nhs capacity and taking it one chemotherapy session at a time. Also, my partner has underlying health conditions and is self isolating in his house. I havent seen him for nearly a month and I am worried about when I will get to see him with all this going on",False,True,False
3,"Disgusted how unprotected NHS staff are and how late the government has been in trying to resolve this. Disgusted at the amount of people not adhering to guidelines for the safety of others. Sad about the amount of people dying without their families, dying alone without even care staff having the time to sit and hold their hand whilst they take their last breath. Disgusted at the attitude of current staff when someone needs to take the week off, but also feeling the pressure of having to stay at work even though they are experiencing symptoms themselves.",True,False,True
4,"I am not too worried about the situation as I believe I am a fit and healthy human being. I am more worried about family members becoming ill with the disease and I am also very sad that I cannot see them at this time. Thankfully with technology these days I can see them everyday through a screen and chat to both friends and family whenever I want to. Its just annoying that I cannot leave the house apart from to get essentials, I live in a flat and with the nice weather we are having its becoming quite a struggle.",True,True,True
5,"I'm finding the Corona situation quite daunting and draining. I can't wait for it to end, and for things to get back to normal. I feel things will not be the same again.it's left so many families devastated. I feel so sad for the families that have lost loved ones,  both old and young. For those that are fighting for their lives, I hope they pull through.  I have hope that all will be well in the end.  This shall pass, we shall overcome this by God's grace. We are all in this together as this situation has affected the whole world and not just certain parts of it. I salute all those working in the frontline, the NHS and all those volunteering at this time.",False,True,True
6,"At the moment I feel like I am doing everything I can to protect myself as an individual from the Covid-19 virus. The UK government were a little slow to react and did not take it as seriously as I would have liked, but seem to be doing and saying the right things now. I am looking at other countries data from around the world and things are starting to look more positive from Italy and Spain, where hopefully the figures have peaked as they continue to ‘flatten the curve’. In America the state of New York they still seem to be having a real problem with getting the situation under control, I hope the president will listen to health experts as they monitor the situation.",False,False,False
7,"I feel sad for all the people infected and those that died and their families. Somewhat pissed off at how the government have handled the outbreak airports and eurotunnel still open...Particulary concerned at Boris Johnson with the situation of him still continuing to shake hands even with coronavirus patients...no wonder he is in hospital at the moment showas a disregard for the situation, fear the worse is yet to come. Me personally I am not worried health wise more concerned for my eldely parents and of course the effect it will have on our everyday lives moving forward",True,True,True
8,"I'm worried about elderly parents. I'm worried about my kids education. I feel exhausted and overwhelmed. I worry about my kids getting infected. I starting to worry less about food and provisions tho we still have no toilet paper. I feel disappointed for my kids and for myself on fun things we can't do. I feel like im doing my bit but Im so upset about not seeing my mum and mother in law who are on their own  every day feels the same and Im starting to get bored too.
The kids are acting up and fighting. I feel like my husband doesnt have to deal with this as much. Im trying to work too.",False,True,True
9,"I am very anxious and worried about the COVID-19 Coronavirus. I am scared I might catch it, and that my family and friends will catch it. I am scared we will die. I am scared of the daily numbers. I am scared to leave the house. I am fearful of what the future holds, and what will be left standing when we leave the house. I miss my family and friends. I miss being able to leave the house to go into town for coffee, to eat out, to socialise, to shop etc... I am anxious when I see other people and not to go too close to them.",False,True,False
10,"i'm very Angry at the moment as there are many people who are not taking the situation seriously and are still going out of the house for unnecessary reasons. i have been isolating for the past 2 weeks due to being high risk and the more people dont listen the longer i have to stay home and not see my family and friends. My parents and inlaws are missing my daughter and all her milestones and being pregnant right now is stressful as it is.
my mother is also high risk as she is 73 and has memory issues so has still been going out so it stresses me out having to worry about her also.",True,True,False
11,"I feel trapped in my own life. I am stuck in this flat, with my boyfriend that I want to break up with, with no job or income. I was on the verge of a new start and now everything is paused. I also feel hopeless about the prospect of jobs when this is over. I have already been in self isolation for around 5 weeks because I lost my job just before this all happened and of course it's now impossible to get another one. I have felt suicidal and desperate. Tomorrow it's my birthday. I was meant to be in a spa. I just want to escape.",False,False,True
12,"It is senseless.  If China had been honest from the start and closed borders it would not be happening.  Quite honestly I think they really should be held to account for this.

Why do I have to type 500 characters, I have summed up what i feel and cannot go too much further.

Right, I am not sure what else to say, it is pointless making it a minimum of 500 words, 

So what else can I say.  It is annoying, yes, it is expensive.  But it is what it is and we can do nothing other than try to make it go away as quickly as possible so doing as we are told is important.",True,False,False
13,"I feel quite awful about it. People are dying and I can't do anything to help. I am also high risk and am struggling to get shopping etc. Very scary. I also cannot see my parents, who are also vulnerable to the disease. I'm worried they'll get sick. I live alone and I'm worried I'll get sick and not be able to look after my cat. I find it difficult to relax. I am keeping busy and connected with friends etc but I still feel lonely due to the isolation & lack of face to face contact. I find it difficult to be happy and have fun while so many people are dying",False,True,True
14,"At the moment I feel confused and worried by the situation, on one hand it is very worrying and the fear of the situation is great.  I am very concerned about the economic situation, the state of the NHS and society as a whole.  I also worry about the older generation who are more susceptible to falling ill, although the disease is not being full ageist in who it affects 
but on the other hand staying at home with my family and not rushing around to school drop off, commuting and working full time is is good  
i feel relaxed when i am with my family but then you open the front door and the realisation hits you of what is happening",False,True,False
15,"I feel not too anxious about the corona situation however i feel quite lost and lonely, almost empty rather than sad. I feel bored and tired more often but not angry, i’m a little bit anxious about getting ill but not too bad, however my mum and dad are key workers so i’m more worried about catching it, i don’t feel as anxious as usual tho. I am struggling to feel motivated to do any work and i am struggling to get out of bed and struggling to fall asleep. I feel sad i can’t see my friends or boyfrind",False,True,True
16,"It’s annoying that some people like myself are going into their fourth week of lockdown whereas others who haven’t taken it seriously are going onto the second week. It’s sad to see that there’s still many people not taking government advise. The uncertainty of when this will all end is awful as well when can normal life begin again. The uncertainty of unknowing when I will be able to pay for bills and direct debits without rationing my last of my wages. It’s hard to keep yourself occupied during this time as well when you’re in an unhappy household, avoiding family members and really being stuck to your bedroom.",True,True,True
17,I am shocked more than anything that a % of society are showing arrogance in helping to eradicate the virus by doing as they please. I feel personally calm as I am abiding by all guidelines; however my frustration comes into play due to the fact that I am a self-employed individual who has now lost all income. Seeing people not listening to government advice is not helping the country get back to a reasonable state of normality. We need businesses to trade and the economy to start moving again. It's a worrying time for all businesses regardless of size.,True,True,False
18,"Fed up of the situation, which could have been controlled better if decisions were made before they were.
My little boy is desperate to get out the house and socialise. We are so busy trying to protect older/vulnerable people and the NHS we are forgetting about our little people and the damage it’s doing to them! I feel so sad for him and his sister who have no understanding of the situation and just want to go out and play and go back to nursery. I can cope with my own frustrations but my heart breaks for theirs!",True,False,True
19,"Feel worried, concerned, uncertain, fear, anxious, a lot of thoughts. Fear of contracting the virus or family and close ones. Uncertain about the current situation and future, worried about job, financial income as currently not working, and work has been paused. Scared, and feeling some sadness and anger received from racial discrimination from people due to the coronavirus as it has affected everyone. Safety concerns and whether or not to go out for groceries, worried about who may or may not have it",True,True,True
20,"I feel afraid for the people I know especially my family and friends. I feel sad for the people who have lost their lives especially my uncle who was in hospital alone died alone and was cremated alone. I am anxious all the time and don't sleep well. I am grateful to all the NHS staff and the carers, especially the one who are looking after my 86 year old Dad who has dementia and won't understand why I'm not there. I am nervous when the phone rings incase it is bad news about dad. I am jumpy at sudden noises but frightened to hear the quietness when I am in my garden. I am scared that I won't find enough food for my family.",False,True,True
21,"I have just read about the UK deaths for today, so I'm feeling quite sad. At the same time I'm feeling frustration that people in the UK aren't taking social distancing seriously and going out for picnics and gatherings despite the spread. I miss my mum too as I'm unable to see her, due to her being high risk and living an hour away. I feel lucky that I have my partner to see over self isolation, so feel very grateful that I have him. Overall I'm feeling quite sad about the situation, not to mention worried financially as I'm self employed and currently out of work.",True,True,True
22,I feel afraid for myself my friends and my family. I hate being under house arrest but understand the reasons why I have limited movement. I am very angry that the UK government are still allowing foreign nationals to enter the UK whilst this is going on as it defeats the object of doing all this in my opinion. I am not sure when all this is going to end but I get the feeling late June/July is the first time I am going to see a resemblance of normality. I am glad that at least on my weekly trip to Tesco's that the shelves are now returning to normal and that people have stopped panic buying items which was just totally stupid.,True,True,False
23,I feel very scared and afraid about myself and my family catching the virus. My anxiety levels are very high at the moment. I stay home with my two children while my partner still goes out to work and I am petrified that he could catch the virus and bring it back to us where we could all become ill. I also know and have read that healthy people with no underlying health issue's are dying from the virus also. I feel lonely and miss my family and social interaction and I think this virus could be around longer than people are expecting which means longer social distancing and not seeing family and doing normal things.,False,True,True
24,"Hi, I feel very concerned about the future of our human beings. I feel like it is a bad dream and hope that one day I will wake up and I realis e that this was just a bad dream. I feel scared and hope that soon scientists will come up with a remarkable cure and 💉.  I am truly frightened. Everyday I watch news on the television and see the horror people go through in the whole world. I am deeply saddened to see how many people died. It is awful and I am deeply shocked and anxious. I feel this virus is man made and not something that just happened because why it would not happen a few years ago, or ever.",False,True,True
25,The situation with Coronavirus is one that is very scary for everyone. Our way of life has been completely changed and it's had a significant impact on me and I'm sure others. The overriding feeling that I have is fear.  I fear mostly of getting it and giving to the people I love. I also have anger at the government for allowing it to get to this stage and for being ill-prepared.  Anxiety is also an issue as I have to look after getting supplies in for people and not knowing when this will all be over.,True,True,False
26,"Anxious about the future weeks to come, unsure about the outcome and how it will affect my job and the countries economy. I am hoping that lockdown will end soon and hope that everything goes back to normal very soon. Would like to say I am able to volunteer and help the NHS but I have no car. Waiting for the death statistics everyday and praying that they starting plateauing or declining very soon like Spain. Sad about everything being missed over summer and how my first year at university has been ruined and cut short. Extremely bored and hoping this ends soon. Praying that all my family and friends are safe and well, upset that I cant go and see them. Proud of the NHS!",False,True,True
27,I am very worried about it worried about my family catching it and to loose love ones so scared to come out the house and if I. catch it and spread it it's always on my mine all the time   Can not sleep thinking about it it scares you when you read or watch how many people have catches it and have passed away and that it spreading so fast I worry about my family when they are off to work   Until they come home thinking I hope they don't catch I don the shopping but am so frighten to go to the shops and be around people and many people don't listen and obey the rules it sad to see the world in this situation i have lost friends to this viras,False,True,True
28,I am feeling very sad  for all the families who have lost loved ones. Also I am concerned about my husband who is a vulnerable person along with my mother and mother in law. i am not concerned about myself as i have to go shopping. I am hopeful that all the sacrifices we are making will beat this virus and so grateful to all the amazing NHS staff including my bother in law and sister in law who are on the front line that they are safe. I am very impressed with the way the government is handling the pandemic. We can win this.,False,True,True
29,"I'm sad for everything I see on the tv - about the incredible job the NHS staff are doing to comfort and support and ultimately cope with the demands of a horrible situation right now. I'm sad that people aren't able to go out as much as they normally can, particularly with the warm(ish) weather, and it being the start of the Easter holidays. It's particularly tough now because we're coming - at least it seems - towards the peak, in 7 to 10 days I think. On another note, I am feeling extremely lucky that I haven't been affected by it so far. I'm sad for everyone who suffers because of this.",False,False,True
30,"I find this time very worrying as it is the unknown. I worry about my grandparents due to their age and general health, but more so my husband who works for the NHS. He is within the estates department between two hospitals and has had a massive amount of pressure recent weeks planning for the resources for people which has left him very run down and tired. I worry about him getting corona and the fact he is tired. Even though we Are told it is mainly the elderly it is fatal there has still been a large number of cases of deaths amongst the younger population. I am frustrated as I cannot see my relatives I am missing just being able to pop over for a quick coffee of a chat, things which previously I took for granted and I assume the general population did too!",True,True,False
31,"I am very fearful for my family. I am very overweight & don't think I'd survive if/when I get it. My husband is a key worker so very likely to bring the virus home to us, although he is very careful. I wasn't worried initially but the more we find out, it's like a death sentence. I thought young children weren't at risk but we now know that's not the case. I have 3 children & I'm am very scared. Boris Johnson has now been moved to intensive care so we know how that's going to turn out. We are living in a nightmare.",False,True,False
32,"I am sad that I can’t meet with my family and friends. Concerned for my 79 year old Mum who lives alone in another town. It is a difficult situation as we have never experienced anything like this. I believe the government is doing its best, but obviously some things aren’t going to plan for one reason or another. After we have come through this a plan needs to be devised as to how best to deal with any future virus. I think we as a country need to continue to grow our own resources for future epidemics.",False,True,True
33,"I feel really sad about the Corona situation at the moment because my mother has a terminal illness and is alone and  is in hospital and i can not see her at all, if she passes away i feel sad that i could not see her and tell her that i will miss her.I understand the reasons for this to keep everyone safe but its a terrible situation to be in and there is no end in sight.I appreciate all the nurses care and the updates from them but seeing her myself is all i want at this moment in time, and i know my brothers feel the same, also grandchildren want to see her",False,False,True
34,"I actually feel very curious.
I am obsessed with the statistics and the numbers. I can't help but think about how/why no one saw this coming and how come no country was prepared for something like this. How come the economy is so fragile, and how come people are not really following the rules set in place by the government.
I am also curious to know how life will resume after all this. What will change? What will stay the same.
So above all, I am curious. Curious to know more about the disease and its effects.",False,False,False
35,"I am worried about my family members which are older. My dad is nearly 70 with no underlying health conditions but still goes to work.  I am frustrated as I want it to end and I want to get on with my life. I am anxious that they won't find a vaccine soon. I am sad I missed the last semester of university. I hope we will not be in isolation for too long now! However, watching the news does not give me hope that things will not get better soon. A positive from this is that communities are working together and I am feeling closer to my friends. I am irritated by the people near my house who keep having their friends round and seeing people going to the park on the TV.",True,True,True
36,"I feel very anxious about the global coronavirus situation both from a population level and on an individual level. I have previously been hospitalised in ICU when I was 18 with pneumonia so whilst I feel very concerned about the health implications for myself I also feel a very strong empathy and sympathy for all of the individuals suffering with coronavirus, and the families which are being affected by it. I believe this anxiety is made worse by the constant media attention, although I do understand why this is necessary given the severity of the situation.",False,True,False
37,"I’m extremely worried about what is to come. Especially as I have just heard the news the Priminister is In intensive care. It’s so scary as it could literally happen to anyone. I have a husband and children so am also worried about them. I fear them getting the virus but I’m also worried about money as my husband is unable to work. It’s a very stressful time for everyone. At this moment in time I am sad, worried, anxious and scared. I feel I cannot escape it as I work for the local government and they are putting a lot of measures into place and it makes it very real. I am worried about leaving the house even just for food. I’m frightened for my husband as he has asthma and my son who has a low immune system. I am trying to avoid reading too much about it during the day as it really is making me feel a bit depressed which is something I have never experienced in such a big way like this before.",False,True,True
38,"I feel this is a learning curve for the future, we have never seen anything like this before, we were to slow to respond so  I hope that lessons can be learned. I hope we we still come together and support each other and invest more in healthcare and vulnerable people when this is over. I have not been affected to bad as i can work from home and keep my family safe which is all you  can do at the moment.  I am hoping this is all over within a few months but things could get worse again once things get back to normal if people start getting sick again.",False,False,False
39,I am so worried how quickly this virus has taken hold .  it scary to see the death toll constantly rising and the pressure on the nhs. i really hoe that we fight it soon and we can all try and get back to some form of normality.  I wish that people would listen to the restrictions and stop putting us all in danger.  i am thankful that we are all together at home and safe.  I pray that all of our family and friends stay safe and dont fall victim to this awful virus.  I cant wait to meet up with all our friends and family and celebrate that we got through.,False,True,False
40,"At this moment I feel very angry about all the people that are still going out for reasons that are not necessary! I'm absolutely disgusted with how selfish people are being currently. We all need to stay in and play our part to get over this awful situation but people think they are above the rules and guidelines and this is really starting to piss me off! I fear that if people don't start behaving, then our right to go outside and exercise will be taken away and I know I will suffer mentally if this happens.",True,True,False
41,"very sad and fear for the future. People need to say at home to avoid catching this further. 
People need to listen and follow the rules.
Very uspet for people who have had this, there needs to be a cure to aviod this spreading further and  further all over the world.
The government need to be honest in this situation and lockdown should of been last month. this has meant this has spread. All scientists need to work together to solve this problem.
The media needs to stop spreading panic in the world. They created panic buying.
",True,True,True
42,"At this moment, I am feeling incredibly bored by the whole ever-evolving Coronavirus situation. I live alone so have had to self-isolate by myself in a small studio flat and it is a lonely and experience. I miss human contact. The unknown unknown of when we will actually get to experience normal life again also makes me very angry about the Corona situation. I am also anxious about the wider global context of Coronavirus and the last effects it might have on me, my friends and family, and those around me.",True,True,True
43,I think I have quite mixed emotions really. I am enjoying spending more time with my family. I don't really mind being stuck at home at all and I'm happy to use Facetime to chat with my extended family. On the other hand I'm really annoyed about the way NHS staff have been treated by the government and the hypocritical way they are being praised while being denied what they need to stay safe. I'm also quite fed up with social media and am making an effort to avoid it. There are too many people with misdirected anger - having a go at their neighbours.,True,False,False
44,"It is very scary, especially because of the vulnerability of my family, but it can be overcome, however it is scary and annoying to see youths still going out with their friends and people underestimating the severity of the disease especially to vulnerable people. Not only this but some people lie and think it is made up or are too engrossed in the politics and don't understand the normal people being affected by it, dying and being extremely subdued. However personally for me it is awful because of the regime and how difficult it is to adapt to living in isolation, not going out or seeing friends and family or loved ones, or being able to exercise properly or educate and the countless hours spent infront of a computer",True,True,False
45,"I just feel like it is spreading way too fast, as I work in a supermarket, I have to walk past people in a daily basis despite lockdown. 

I would be much happier if more people followed the lockdown advice given by the government. I still keep seeing people sitting on their street drinking beer and not having a care in the world. 

People seem to go from being mildly ill one day to requiring hospital treatment the next day. 

I hope the vaccine for Cov is ready sooner than the predicted timeline of 18 months. Too many people have already died from it.",True,False,False
46,"I am angry due to the fact that people are unaware of the fact that Corona virus is a common flu virus and anybody who has got flu in the past will still have it in their body.  There is no test out as yet for covid19 (if there is any virus like that at all).  The figure of people infected is just magnified artificially as """"""""""""""""tested positive"""""""""""""""".  The cause of death despite of being from other health factors/condition is classified as covid death.  This pandemic is a global cover up for something more sinister.",True,False,False
47,"Right now I feel sad and uncertain about the future. I have lost a little bit of hope and feel anxious about the whole thing. How is something like happening in this day and age (21st century). I just feel sadness wherever I go. It feels like everywhere is deserted and people are too afraid. Kids don’t really understand what is going on. It just feel like I am dreaming, more like a nightmare. But I pray to God this ends very soon so we can all resume on our normal life. 
I haven’t got anymore words to express how I am feeling right now. I have detailed all my emotions/feelings as best as I possibly can.",False,True,True
48,"I feel really worried and stressed about this whole situation. My job is demanding, i am struggling at home and i am in a bad place. I am not sleeping and my relationships are suffering. I feel anxious all the time and am constantly down.

To top it off i am sad because my cat has gone missing. I feel like my life is going wrong. I don't know how to make it better or get through this. 

My toddler is playing up all the time and my marriage is breaking down too. I never imagined 2020 would be such an awful year.",False,True,True
49,"I’m very fearful and worried personally being 37 weeks pregnant. I’m sad that this has overshadowed the last part of my pregnancy and will impact the first few weeks/months of becoming a mother. Selfishly it has impacted me hugely, I also fear for friends and family in the at risk group and who have no choice but to continue working as a key worker and not adequately protected.  

I am worried about the future of the UK and the impact on the economy and the livelihoods so many who are currently furloughed as a result of the pandemic.",False,True,True
50,"At the moment I have mixed emotions.

Anger at how the pandemic began. Anger at the people who are determined to carry on living as normal when the majority of us are sticking to the rules. My children want to see their grandparents and cousins and friends but they know they can't and the reason why they can't but it is difficult to explain when they see people continuing to play football etc.

I'm angry that my son has missed nearly half a year of school. That it took 2 months for y daughter to get into a routine for nursery and not scream every morning but we will have to start from square one.

I miss my work and my colleagues, I miss my friends and my parents and siblings. I'm upset that we have had to cancel our holiday.

I'm worried as my husband has to continue to work and risk bringing the virus home everyday for a low wage. I'm also worried that the lack of routine will have a negative impact on my mental health.

All my emotions do not matter when you think  of how many people have died worldwide  to this virus.",True,True,True
51,It makes me angry that the media is feeding lies into society to drive fear. It is disgusting how many people are happy to submit to a state enforced home incarceration regime. It is easy to fool people but difficult to convince them they are being fooled. One day they will realise the truth but by then it will be too late. Keeping people under house arrest will not stop the spread of the so called virus. The level of imposed control and over reach of powers by the police is draconian and extreme.,True,False,False
52,"I feel very sad that there is so many people not taking this serious and still heading out to parks and beaches. I’m also sad that I can’t visit my family but I am so thankful for modern technologies that allow us all to keep in touch. My children would be upset at not seeing their aunts uncles grandparents and friends if it wasn’t for technology. 
We have found new ways to connect as a household too so we are all trying to find the positives in this anxious situation. We are playing scrabble and doing plenty of outdoor games in the garden. It’s nice talking to my children about other stuff rather than letting the usual downsides of working and travel and school get in the way. 
",False,True,True
53,"i feel sad and lonely and scared , today my husband was confirmed to have prostrate cancer and i want to see my family and i cant. i feel scared.Once lockdown is over i can see my family again but its not the same talking on the phone as opposed to getting a hug and a cuddle.
I just so worry if i will ever see my family again , but then again a lot of people are probably hfeel how i am , I just wish they would get a vaccine and make us all safe again , this has affeted us all in diffrent ways but as my husband is on a pension at lease our money is not affected",False,True,True
54,"The Covid-19 has made me feel Lonely and sad, i miss my friends and family, i miss going out, i miss normality. 
I want this to be over. 
I feel sad for the people this has affected and i worry that it will affect those i love.
I worry for my job which will impact my mortgage etc.
The whole thing opens up your eyes and makes you realise you should not to take things for granted.
I pray this does not hurt many more people and that people stay home so that this virus can dissapear as soon as possible",False,True,True
55,"Very worried as I feel people aren't taking things seriously enough. Also feel the government is handling it very badly. I'm very worried that my family could get it, I feel that because people are not self isolating properly, and people are not keeping a reasonable distance in shops, someone I know is going to get very ill from it, this is probably the most angry I have been in my life at a political situation, which I believe this is, as the government is clearly not doing enough to stop people from going outdoors, seeing friends and families etc.",True,True,False
56,"I feel very angry that people are not compiling to the whole ‘lockdown’ situation - that also includes businesses that are not ready to pay their employers who have to work in the frontline (postmen/women, shop workers, nurses, caters, delivery workers etc). 
I’m fearful that my family may get it if they’re not careful because they HAVE to go into work. 
It’s not really social distancing and helping stop the virus if people are still going out to do their daily shopping or meeting in parks! 
I’m anxious, very anxious that everything is out of my hands and I cannot do anything to help. I don’t have medical skills to help with the NHS and even if I did, would I put myself and my family at risk because the government are not ready to provide the right PPE.
I hate that the government have left this situation for too long that now it’s spiralling out of control. 
",True,True,False
57,"I am worried and sad about the current Corona situations. I've had to close my business until further notices which I completely understand but I'm also sad about it as I love what I do. 

I am worried about friends and family. I have a relative in a care home and we know that if he gets the disease then it is very unlikely that he'll survive. This makes me feel extremely sad and also guilty that I can't visit him though I understand the reasons why I can't.

I'm also worried about a number of people that I know that live with mental ill health. They are struggling, really struggling and I do what I can by texting and talking to them.

I'm also very proud of my family. My children are now home from university. One of them is waiting to hear about what is happening with her finals and the other is in his first year. I couldn't be prouder of how they are responding to the virus. They are both doing everything they should and shouldn't be doing and they are being very supportive and helping keep morale high in our house. 

Sad, anxious, worried but proud.",False,True,True
58,"I’m feeling sad at the moment. I feel the government is reacting to the the issues opposed to being ahead of the game and this is causing a loss of life. I also feel sadness and disappointment in the public that aren’t sticking to the clear, simple instructions! The result of this will be an enforced lockdown which will have a negative impact on people as the warm weather arrives in the coming months. I’m sad that I can’t see members of my family that live less than 1 mile away from me, one of those family members is my 91 year old grandmother.",False,False,True
59,"I am very angry at the moment because people are not listening to the rules, for instance do not congregate, do not meet family and friends, stand 2 meters away from each other.  I am so angry because if people do not comply then this virus will take forever to be cured.  My neighbours are complete lunatics, they are having parties, load music, walking around as if nothing has happened.  I am fuming, I won't to report them, but I cannot as they live next door and I don't want any trouble.  Also I go out for a walk in the fields near where I live as I have diabetes and I do not have a clue how my sugar levels are and I would guarantee some uneducated peasant will be walking directly at me which makes me so angry",True,False,False
60,I’m scared someone in my family home will get the virus and end up severely ill in hospital. I’m constantly worried that if any of us go into hospital they may die alone. This worries me more with my two children. I’m being eaten up with anxiety at the thought of them being scared and without their mum or dad to make them feel better. I’m paralysed with fear that there may not be life support equipment for any of us should we need it. I’m concerned that if any of us get the Corona virus it’s missed as being severe enough to go to hospital and we die at home in pain. I am doing my best to keep my family away from other people so we can stay as healthy as possible,False,True,False
61,"Not fearful of the disease. I’ve had some of the symptoms. Angry with government response or lack of it. Way too complacent about the threat. More concerned about their careers than helping people. Annoyed at lack of Ppe for nhs and care staff, And annoyed at dismal state that NHS was in to meet this threat. Full of admiration for NHS and care staff. Believe strongly that we cannot go back to how things were. 

As someone who had symptoms- shortness of breath and fatigue etc I found being in fresh air very helpful. Think there should be policing of open areas but not widespread closures of parks etc.",True,False,False
62,"I am angry and disgusted about people who don’t adhere to the rules and don’t seem to care. I’m fearful about my mum who has to work on the frontline as a medical professional (I would rather she was at home). Everything makes me feel more anxious than usual, in particular the sound of emergency service sirens makes me very uncomfortable and I don’t know why. I’m still working (from home) but struggling to focus. Sadness is high for me, mainly in the economic side, I keep worrying how many suicides coronavirus will cause due to economic impact and it makes me very sad, also who gives spare change now to the homeless? That is very sad I think",True,True,True
63,"The current pandemic is a very worrying time for everyone, I have found that it has made me feel more stressed because of financial worries, as my husband has now been furloughed. 
It has also increased my anxiety when I have to go food shopping because I know the queues will be horrendous, I am also worried about being able to buy food, especially when people were panic buying. 
It has also made me feel very sad that I am not allowed to go & see my parents who have underlying health conditions. It also makes me sad that I am not allowed to see my sister or Nephews.",False,True,True
64,"angry there still people out and I about I have neaver seen so many people on bikes walking makes me so cross do people not get stay in and stay safe upset hurt that so many people have died just from this cross my partner is a key work at the hospital they have no ppe at all and now he is in ICU as there has not been the correct ppe so now he is lying in ICU get so mad at the way keyworks can not be covered, there is that many people in hospital makes me  upset angry any onew could catch it , young old , why has this happened",True,False,True
65,"I hate being stuck in the house without the option to go out and socialise or browse the shops. I feel trapped and frustrated because we have no end date. I’m hating working from home and not being able to interact with my colleagues as normal, we are a very close team and we are all missing each other. The uncertainty is very upsetting and causes me anxiety to an extent. It’s hard work having to work from home normal hours then not be able to have any sort of social release on the weekends, it makes working just that bit less rewarding as there’s nothing to relax and let your hair down doing when you have finished the working week.",True,True,True
66,"Anxious of what lies ahead, when this will be over and if we will suffer more cancellations and delays in ‘normal life’. 
I am stressed of doing homeschooling for my 4 year old and being working from home and being a mum. 

My husband is furloughed from his full time job and main earner but I’m trying not to think about what happens after those paydays and how we will pay the bills.

I am scared of becoming ill and losing even more money and time, I am stressed of not being able to continue with normal chores and life. 
",False,True,False
67,"I feel very uneasy about the Corona virus situation. Not knowing how exactly it is getting spread and the social distancing instruction is worrying. The uncertainty of when the lockdown will be over is very draining and the inability to move about freely makes me feel depressed. I also feel fear for myself and immediate family as the survival rate are not great.
Watching television all day and sitting in the garden doesnt feel fulfilling enough and my inability to go to work and interact physically with my colleagues at work is demoralizing. I worry that this will not go away in a few weeks",False,True,True
68,"I am upset and annoyed at the virus and how many it is killing, harming and the damage it is doing to businesses, people's livelihood etc. I am not myself worried about contracting the virus or on how it will affect my income, thankfully. It has put a halt to everyones life which is an annoyance but hopefully it will be over and we can once again return to how we used to be. I miss friends, football and my daily life but i know that they arent playing second fiddle to this virus, i want people to respect it and stay indoors and listen to the government guidance.",True,False,True
69,"I feel sad that so many people are dying with this virus, and all the health professionals struggling to keep as many people alive as they can. My health isn't the best and I have to make sure I stay indoors so I can be safe and not catch the virus.  It can be a little scary and annoying seeing some people disobeying the rules and still going out and acting like everything is ok.                                                                                                                      
",True,True,True
70,"I miss my friends and family and being able to go out whenever, wherever, with whomever I want. I am sad that this has happened to the world and that so many people are suffering. I am so annoyed and angry at the people who keep flouting the government guidelines and making everyone else struggle for longer. It's unfair that they don't feel like they have to help anyone else when there are people trying to save lives. There's so much death. My mum has cancer and she's a very high risk person but she's been told she won't be able to get help if she gets the virus. Yet people who blatantly disregard the safety rules will probably be absolutely fine.",True,False,True
71,"At the minute I feel anxious, because I don’t know how we can move away from lockdown without causing another huge amount of cases of coronary. If there was some plan that the public were aware of then this would ease my anxiety but at present the government are not giving anything away in terms of what the next steps might be. Even if they do not know themselves 100% what will happen they must have some options that they are considering. It would be helpful for me personally to understand what they might be",False,True,False
72,"I am scared and worried. I am a key worker in retail and in the front line serving and touching people all day. I am scared of getting covid 19 from someone and as I’m 51 and my partner 56 it could be risky. 
I’m scared of customers getting abusive if they can’t get the goods they need or they have to queue. 
I’m scared of having to go off sick and not being able to afford my bills. 
I miss my mum and siblings and niece and nephews as I can’t see them. 
I miss being able to go out for a meal or drinks when I want. 
I’m scared of anything happening to my loved ones. 
I just want life to go back to normal.",False,True,False
73,"I am worried as I am on the vulnerable list and my husband is a key worker so he is in and out and he and I feel the risk is high for me catching the virus. Anxious before he gets home. So I feel tense most weekdays, sad as we socially distance, missing a hug.
Frightened as a friends cousin died.
I am feeling happy as I can keep safe though and also because I am loved and supported.
I feel satisfied as I am doing the best I can to support others while they are anxious and or stressed with the fear of catching this  horrid diease.",False,True,True
74,"I think lockdown should of been earlier.I also feel very angry because you still see people doing there own thing walking together in large groups, going to the corner shop about 4 times a day, it’s like people haven’t got common sense. I think it should be more strict about the lockdown. We should of took more precautions from the start. Greedy people at the supermarkets going crazy and not thinking about others. Starting arguments with the staff Who are putting themselves at risk so everyone can eat.",True,False,False
75,I feel very worried and anxious seeing how high the death toll and the confirmed positive cases keep rising each day. Everything seems to dark and bleak right now. People are constantly dying and losing their loved ones. It seems like there's no hope out of this situation. All I can do is pray everyday that God has mercy on us all and turns His wrath away from us and helps us out of this situation. It makes me angry to see people disobeying the rules and advice set by the government and causing more damage to the country and putting a lot of strain on the NHS.,True,True,True
76,"I feel okay as I have distracted myself with work, however, I went on Facebook a few minutes ago which heightened my anxiety as it was filled with posts about Corona. After seeing coming off Facebook my anxiety is reduced and I become sad. I have found the best way for reducing my anxiety and sadness is staying off social media. I try to stay away as it upsets me and hearing about all the deaths and the difficult times people are going through can be hard for me because i know i can't do anything.",False,True,True
77,"I feel anger at the people who are not listening to what the government are saying , not listening to the lockdown rules,  Risking not there own but everyone’s else’s lives. The government should the exercise once a day rule as people are using it as an excuse to do what they please. It angers me knowing without everyone pulling together we may never get over this and we will lose even more life’s.
The nhs are risking there life’s everyday and to see so many selfish people not listening is upsetting and disgusting.",True,False,True
78,"Anxiety about what the future holds for society and the economy. Sadness for all the lives lost and fear of how many more there will be.

I feel stressed, worried, lonely and isolated. I also feel utter disgust at those flouting lockdown and purring lives at risk, as well as compromising the NHS and the work they do to keep us safe

I a concerned about the government not doing enough to force social distancing measures and that by not acting, or whether they have indeed already left it too late, that our death figures will continue to rise. I am thankful that the UK government has put financial measures in place to support people and jobs, however. 

",True,True,True
79,"I am terrified of my family being ill.  I feel total despair and cannot see the end of this situation.  I am so sad that I cannot travel as that is my passion.  I watch in horror as Trump spouts his insane ramblings putting peoples lives in danger.  The uk government is just as bad, they want the old and ill to die so they don't have to pay as much in benefits.  The true situation in hospitals is being kept from the public and key workers are being put at risk by not being given the correct protective equipment",True,True,True
80,"Feel worried and scared for the future. It's good that the numbers are going down, but don't understand how we can then go back to normal without it returning? Feel I need to do more to help as I have been furloughed so have the time but then I also lack in motivation with just doing things at home. But that is not new for me. I feel lucky that we have a garden to go in and feel bad for those confined to small spaces and those on their own. 
Fingers crossed the numbers continue to go down and we can overcome this.",False,True,False
81,"Since the corona situation, I've been feeling down and more lazier than usual. I'm worried because I have older parents and I'm concered that I will spread the virus to them if I get it. I'm sad because I am not able to be at college to do my work, I am not able to see my wonderful teachers and friends, it is my last year at college so I will probably never see them again. Only one good outcome of this is less people on the streets, it is almost empty. In London, streets would usually be overcrowded which is not good for anti social people like me, but now I can go wonder and get essential items without much people gathering.",False,True,True
82,"It is a very strange situation and the social isolation is starting to affect everyone. I am having difficulties adjusting to this new way of life and it makes me wishful and impatient. I am not feeling scared or very worried, although my heart goes out for the people affected.
I think it is more difficult for the elderly as they are not so used to using technology in their every day life. But young people are feeling it as well.
When you go for a walk, there is this new phenomenon called """"""""""""""""The corona virus greeting"""""""""""""""" - everybody steps away from each other and then smiles.
",False,False,False
83,"Terrified for my family and friends. Worried about the whole financial situation and how we will cope. Fearful for the future in general! Worries about how everyone will recover from the whole corona efforts as its so bloody scary. It has caused me so much anxiety and  worry  and fear and general panic. I hate thinking about corona and i am so fed up of seeing it all over the news, facebook, and all social media. It is complete scaremongering.  People need to stay home and they are utterly stupid when they dont.",True,True,False
84,"At this moment in time, I feel I am in a fairly good position compared to the majority of the UK, for which I am grateful. As I work in a psychiatric hospital and continue to go to work daily, not too much has changed in regards to my income, routine, interaction with others. However, I have seen the effects of Coronavirus within my hospital and via the news. Seeing the devastating effects it has had on others has left me feeling very sad and wishing I could do more. I’m not anxious, or fearful per se, as I am confident we will be able to overcome this and gradually return to normal. It’s been really lovely to see the nation come together in such a difficult time and there is a real sense of community.",False,False,True
85,"I feel anger because I am a key worker and I have to be at work every day risking my health. Then people who should stay at home are outside having good time. Running every day, on bikes with families and every day I see them shopping (example they came just for one banana every day-idiots). It is to hard for them to stay at home and they have paid for that- extra holiday.  if I have a chance to stay at home I would stay. For me them people should pay for that behaviour.  If people are not gonna listen every advise by nhs it will be long time it will finish. Only thing I am asking is STAY HOME",True,False,False
86,"I feel sad with regards to some news (colleague's death, mental health issues of peers and others); but I also feel very lucky as I can work from home - and not everyone has this opportunity. At the same time I feel a little tired of feeling lucky this way...
I also had some good news with respect to my job, so I feel a little guilty relatively to the others. I also feel powerless to help, as I do not have any relevant skills & thus I'm not useful right now. This is a silly feeling, as it doesn't help anyone; at the same time it's not actually strong enough to prompt me to do more than just a few donations and gift vouchers. 
I also feel rather sad about my friends, who are in a worse position. I feel entirely blessed with my partner - but again, I'm lucky & not everyone is. 
So, overall, it's a mix of feeling sad & damn lucky - and sad that one needs to feel lucky that way.",False,False,True
87,I feel very afraid and frustrated with how some aren’t taking it seriously. A colleague has died from this and it all changes when it’s someone you know. Also when you are not an essential worker or a key worker and told that but are made to go into work travelling on tube it’s very stressful. I feel like my brain can’t comprehend what is happening around me. I worry for my family and friends. I Struggle with anxiety anyway and this is just crazy. Thankfully I can sleep but I find every day exhausting. I feel very very scared and worried.,True,True,False
88,At the moment i am a bit worried for my family and friends. I feel a bit sorry for my children who have had their normal freedom and routine messed about. I also feel very hopeful that as long as we all do our part then we can get through this till a time a vaccine can be made to protect or find a drug to help heal the worse affected people. I feel across the world a lot of countries are started to turn the tide on this virus which does make me hopeful we can do the basics to get this under control. I do also feel very lucky to live in a country with.a good health system as well which can open a new hospital in 9 days and have all the bits we need to try and help save people.,False,True,False
89,"I'm angry because we are being lied to there is no Covid-19.  5G is dangerous ask Lloyds of London they won't insure 5G. This is a globalist conspiracy against the people of the world. 
Vitamin C will cure most if not all of the so called Corona virus cases go to www.doctoryourself.com and read about vitamin C intravenous, intramuscular and oral applications. Read the dosage information it works I stopped bleeding from my bladder in around four hours using Vitamin C when antibiotics take 36-42 hours to do the same thing. Vitamin C would help the underlying ailments of Corona virus cases.  I'm sick of being lied to by the politicians, corrupt scientists like Neil Ferguson looking for funding etc - who should be jailed - big pharma, idiot economists, the bank of England, the Federal Reserve, the list goes on. There is no pandemic just a massive lie.  The BBC shows coffins/body bags but not the contents and no proof of cause of death.  There are many ailments that cause our cells to excrete exosomes that cause us to feel unwell as our bodies remove them. No virus jumped from a bat to a human. Wahun was blanketed in 5G antenna. Go and read Arthur Firstenberg's book the 'Invisible Rainbow' about the effects of increases in electrical radiation on the cells of the human body - it takes six months for the damage to manifest itself and for people to become sick - it's not a virus!",True,False,False
90,"I am angry that others are not listening to the government’s advise as they are going outside still and meeting in large groups. I feel slightly anxious that me/my family will get the virus as we still have to go outside to get essential things but that exposes us to the possibility of catching it. I’m stressed also because even though I am at home I am getting a lot more uni work than usual to do, which still has to be handed in by the same deadline. When I don’t have any work to do I am relaxed and happier because I get to spend time interacting my family and FaceTiming family not with me so I still get to keep in touch with them.",True,True,False
91,"Extremely anxious and worried. 
All the news and media reports are constantly how bad it is and how much worse it’s getting. They never report fairly and just try to sensationalise things.  I constantly feel in a state of panic. I normally suffer from health anxiety so for me a global pandemic is the worst possible thing that could be happening
I am extremely worried about catching it, and worried how we will get out of the lockdown. The government aren’t being strict enough - flights are landing into the uk with no checks and people are gathering in parks. I feel anger towards these people, and also towards the Chinese as they are responsible",True,True,False
92,Sadness in general for the effect that it has on the country and it’s more vulnerable population who are suffering the most and dying as well as frustration for those not adiding by the rules and regulations set out but pride for all the key essential workers who are working tirelessly to look after everyone effected in the most desperate conditions - fearful for where the country will be once this has passed and the long lasting effect it will have on our future generations and anxious for our more vulnerable loved ones who we are having to distance ourselves from and missing out on key moments with family and friends,True,True,True
93,To be honest i am a little bit worried about the whole situation as i have 2 young kids who I worry about daily don’t want none of this to affect them. Makes me question the world I brought them into. I also worry for my family and loved ones and wondering if they are ok and following the precautions. But i am staying in doors and communicating with family and friends and checking up on everyone that I know via social media. I am a very care free person in general and try not to make things bother me so I’m trying to not let it get to me and just follow what MR JOHNSON has has stated regarding lock down procedures.,False,True,False
94,"I don't feel as scared as I did a couple of weeks ago. I don't think it will be as bad as predicted in the UK, and I think the daily deaths will peak very soon, if they haven't already. I feel sad and worried about Boris Johnson being admitted to hospital. I feel a bit fed up and frustrated about lockdown. I'm worried that we'll soon be told we can't go out to exercise, as that's the thing making me feel normal at the moment. I'm still slightly worried and anxious about the health of my family members (if they were to catch the virus), although I'm less worried that they'll catch it than I was a week or two ago. I'm sad I probably won't be able to go on holiday this year.",True,True,True
95,"I'm resigned to living like this for the foreseeable future and just hoping that everyone I know survives. The number of deaths has gone over 5,000 in the UK today which is horrible for all those whose family and friends have died; I wonder what the aftereffects of all this suffering will be and whether anything is ever going to be the same again. I've been round to my neighbours checking that they are all alright today and so far so good but I just wonder how long it will be before one of them becomes unwell. I'm impatient with being cooped up at times but then I think, what if, and just put up with it.",False,False,True
96,"I feel the correct measures have been taken to prevent the spread of Corona however I'm very, very bored with being stuck inside all day every day. I have coursework to do but I don't have the motivation or desire to do it, my course is practical and online learning isn't effective because I learn more in a classroom environment. I go for a walk every so often but I don't like walking. 
I spend most of the day watching Netflix and going on the Xbox but I eventually get bored and watch Youtube on my laptop and sometimes I just go back to bed and wake up a midnight and binge watch Netflix again till 4 in the morning and go back to sleep to wake up again at 1 pm, just to do the process all over again.
Each day is the same but if It prevents the situation from getting worse then I'm at peace with staying inside.",False,False,False
97,"Mostly feeling fed up.  Not being able to go to work and not sure if there will be work after it. 
My partner was showing all signs of the virus so we self-isolated before being told. I never had any symptoms at all. So now, we're thinking did she have it or not. Testing shouldn't be so hard to sort out.
I do think now the knock-on effect will be that funding for research might be pushed to the forefront now its affected the rich and the trade in wildlife be frowned upon.  Feeling ill not being able to go out for exercise.",True,False,False
98,"As someone who works for the NHS and lives alone in a town where I know very few people I'm scared. My Mother lives 80 miles away and at the age of 87 could be terribly affected by this disease should she catch it. I worry her social situation, she also lives alone, will contribute to a decline in cognitive function. although living in an urban environment outside of Birmingham she has few people who can shop for her and she has no method of communication where she can in interact with anyone visually eg facetime.",False,True,False
99,"It is a very worrying time, as there are many shortages in shops and it’s becoming increasingly difficult to get essential items. It’s also very concerning how rapidly the number of cases and number of people dying from coronavirus each day is increasing, despite being under lockdown. I hope that tougher measures can help to get the situation under control, in order to help protect those most vulnerable. It is also worrying that frontline workers have not got the essential equipment needed to look after those suffering, as they are risking themselves to help save lives, which I hope can be improved soon.",False,True,False
100,I am vunerable been told i have to stay home for 12 weeks i already suffer anxiety and panick attacks so im very afraid also brought on with continues cleaning continues washing my hands now an obsession. Although i will do all that is asked of me stay home etc im worried for my family friends and am crying most days . I am also very angry that i cant order the shopping i need i dont want family to go out incase they get sick and finally got order and there was no essentials left. IT SEEMS THAT NOTHING IS GETTING DONE BY THE GOVERMENT AND IM VERY WORRIED THAT THEY HAVE JUST LEFT US ALL TO IT NO DIRECTION AT ALL PLUS THEY LEFT EVERYTHING TO LATE,True,True,True
101,I am very worried for my daughter my family and my friends. I'm worried about running out of food because I haven't been stockpiling. The shops are scary and frightening so I am running low on lots of basic food. I miss working. I'm worried about running out of money and losing my house. I'm also worried about when this is going to end if it's going to keep on for ages. I dread seeing the death toll every day incase its higher than yesterday. The death toll shows people as statistics instead of the people they were. Its dehumanising.,False,True,False
102,"I’m frustrated and sad that we’re locked down and can’t see family and partners. I’m tired of working from home and stressed out at my job as a social worker because I feel I can’t do my job properly. 
I’m constantly worried about my family, especially my elderly grandparents. I’m annoyed my holidays have been cancelled. 
I’m furious at whoever started this pandemic and I’m confused as to how it started. 
I’ve got constant headaches and nausea over this situation and frustrated that some world leaders are not doing enough to protect people. I’m absolutely furious at the idiots that are still going out like there isn’t a lock down because they are stupid and selfish!",True,True,True
103,"Watching the tv and seeing pictures of people on ventilators in hospital etc is very worrying and people die without their family around them its so sad :-(

i'm already a germ freak so this virus is making me ten times worse as I feel everything that comes into the house is contaminated so I'm having to spray everything with anti bacterial spray

i certainly don't want to die like that and then to some health care workers who live on my street flouting the rules is a disgrace

I am also angry at some of my neighbours who don't seem to be taking this seriously and are still having visitors",True,True,True
104,"I feel that we are in a very delicate situation right now. The pandemic is really hitting hard in most parts of the world. I fear for my family, where some of my relatives don't have a choice but to continue working. They are at high risk of contracting the virus. This makes me feel fearful half of the time. 

Personally, with the UK going in lockdown, it is the correct decision, but I do feel a little trapped and lonely right now. I feel that I can't escape my home and I hope this changes soon.

Moreover, we're financially unstable as I'm not currently working and haven't been on furlough (up until today).",False,True,True
105,"I am concerned for the ill and especially the vulnerable who may suffer in the future. I am also sad about the poor government preperation and response to the pandemic - I believe that its effects in the UK would be less had preventative actions been taken.

I also think the media response has been somewhat mixed. While it is indeed sad that the Prime Minister is in hospital suffering with the corona virus, he and his government have consistently damaged the NHS's ability to act correctly and his own lacklustre leadership has only cemented this. His """"""""""""""""herd immunity"""""""""""""""" strategy all of a sudden doesn't seem so smart when he and his ministers realise their wealth and power doesn't put them above the rest of the herd, does it?",True,True,True
106,"I feel frustrated as cannot see loved ones who are not in my household. I am worried about my family and friends contracting the virus and becoming seriously I'll from it. I regularly have nightmare about feeling chlostraphobic and loved ones dying which doesnt help. I feel like I need exercise to get me through this, especially with working from home. It is also hard when others around me are all off work being furloughed, but I still need to do my work. I feel like I am becoming obsessed with watching the news. Uneasy, unknown, agitated. Wondering when this will all end
",True,True,False
107,"Sad. I feel so sad about the loss of life right around the world. I'm sad about the folk who flout the rules and put others lives at risk - are they selfish, ignorant or what? I'm sad that the people of the US have such a t**t as a president and will see a big death toll.  But mostly, I'm sad for the over-worked, stressed NHS workers who work so selflessly and who are so under-resourced. Yesterday it was anger at all these things - especially the idiots who won't do as they're told. But today it's sadness. 
",True,False,True
108,"It now seems to be very real. At the start I thought it would come to nothing ! I am just in a state of shock. It is almost as though I am living in a film. I'm not scared for myself healthwise but the country as a whole. This will have a massive impact on our lives for the foreseeable future. I am deeply concerned about the economy and how it will recover. I cant see how they can lift any of the restrictions without a serious amount of people becoming infected. This will undoubtedly be one of the biggest incidents that has happened in this country in the last 100 years. My main concern is I may lose someone close to me. At the minute there is no one in my family with any worrying symptoms.
",False,True,False
109,"I feel tired, tired of life, tired of wondering if I will die, angry at the Chinese for this, angry that they only admitted a problem because they had too, angry that they eat rubbish because their government doesn't care, angry that once this is over they will still do the same, angry that life will never ever be the same. Angry that I'm off work, no money, no idea if I'll have a job at the end of all this, angry at idiots who try to exploit the system, people who selfishly hog all the food. Why has my life expectancy be shortened massively over China, why as an island are we not safe, why do we let these people in to ruin our very existence.",True,False,True
110,"I am very nervous about the current situation as I am missing my family and do not know when I will see them again.

I wish there was an end to this in sight so my life can return to normal. 

I feel very upset for all those who have died already and do worry that it will effect someone I know in horrible ways.

I feel a bit stressed about how I am going to pay bills because I am self employed and my working tax credits have been stopped because I made a claim for universal credit thinking it would help.",False,True,True
111,"At this very moment I am nervous about this coronavirus and it's effects on myself and my family but I am also hopefully that in time a cure or vaccine will be found and we will be able to return to our normal lives, despite feeling that nothing is ever going to be the same after.
I fear what would happen to my children if I caught the virus or if my partner caught it again, I am fearful that they will be left alone and that terrifies me but for them I have to remain cheerful and optimistic and not to crumble under the worry and anxiety as they don't understand.",False,True,False
112,"I'm terrified. I constantly worry about catching the virus and dying..
I'm not allowed out of the house at all as I am in the most vulnerable group so am feeling very depressed and tearful.
I think it has all been dealt with badly by the government. They should be arresting people who are going out for no real reason these selfish people are killing others with their stupidity.
The sooner people realise how dangerous this virus it's the better, sadly some people just don't care and think the rules don't apply to them.",True,True,True
113,"Really scare situation. I am worried about my family my loved ones. I feel what if something goes wrong. I really want to do something to help everyone  in this situation. I don't want anyone to die anymore. Really want to see the change as quick as possible. I Hope the government helps the poor people, to get their jobs back and everything goes normal again. There are certain group of people not talking this serious and roaming around and spreading and passing  the virus to everyone . This people should be punished and not given any medical treatment if they get the infection. They not worried about their loved ones or care about them then why should they be given any treatment. This is fun time for them they don't care about our NHS and all the worker who is working hard to get back to normal but because of this few people everyone will suffer. God bless our country.",True,True,False
114,"the first week I struggled adjusting to 'the new normal' and was very bored and irritable but now I feel I have adjusted well and feel normal most days, still bored a lot though. I do find the days go quick and im not as worried as I thought id be about the whole Corona situation. I'm slightly worried about my wage being different every month for the foreseeable future though. I just hope this virus goes as quickly if not quicker than it took to arrive in the first place.

There is an eerie feeling when you go out for your daily allowed exercise; i.e. there are very few cars and people about and everywhere is closed makes every day feel like a Christmas Day sort of feel, or that funny week inbetween Christmas and New Year where you're not certain of what day it is.",False,True,False
115,"Very worried, I work at hospital and worried about bringing it home to my husband and children. I frightened of what I may see on the wards as it’s so unknown to me. I am so worried about who I may lose in all this and already know friends family members who have passed away. I’m annoyed at people not social distancing out in public and their ignorance to this extremely contagious virus. I can’t believe people are still socially engaged and mixing in public. I feel they need to make stricter rules so we protect our wonderful NHS 





",True,True,False
116,"I'm upset about the situation but not afraid, I am just depressed in general and am finding the situation intolerable. I am sick of people complaining and not following the rules. I have no other feelings either way about this and anything else I am writing is merely to fill the required characters to allow me to move on to the next part of the questions, which I am finding hard to Do. I do not have these many feelings and have fully explained my self and am finding I am getting annoyed because this just keeps making me write more than I care to.",True,False,True
117,"I feel very scared that I get it, I am scared to go out for essentials and I worry about my family. This is such a disaster for everybody and will change our lives forever. I have previously had breast cancer so I am worried about my immune system been weaker. I feel so sad for all the lives that have been lost already and dread to even think about what the next few weeks will bring us. Lessons need to be learnt from this, and we need to be prepared if anything like this ever happens again. I just want my life to go back to normal and do normal things like before, things that we take for granted.",False,True,True
118,I feel very insecure and worried about the health of my close family and friends as well as struggling with my own health anxiety. I feel the Government have let us down by not acting quick enough and this both saddens and angers me. I feel desperately anxious for the front line workers putting themselves at risk alongside immense anger with the selfish people in society who are not observing Government guidelines. I feel extremely insecure about what will happen in the future and the aftermath of the situation on many different levels is extremely worrying.,True,True,True
119,"I'm self-employed, in the Arts & Entertainment industry, so all of my upcoming work has been cancelled, which obviously adds to the difficulty in the current circumstances. My concerns about money and survival contribute to my overall mood.
As far as the virus itself, I'm hopeful. I believe I may have had it and recovered, and I believe what is currently being done is having an impact. I'm also interested to see that the situation is prompting some countries to try new ideas, such as Universal Basic Income. I'm worried that some vulnerable members of my family may fall ill.",False,True,False
120,"I feel like the fear and paranoia is increasing week by week. I go through phases of feeling quite relaxed and enjoying the peace, to feeling very anxious and on edge about the situation, as more news comes through every day of the reality, it keeps jolting us back to being terrified. Any normal day activity outside the house like getting medicine from the pharmacy leaves you incredibly paranoid. People are being very kind though and it seems to have united the nation. I worry more about my family members than i do myself. I think a lot of the anxiety is about not knowing when the situation is going to end, rather than the isolation itself.",False,True,False
121,"I'm genuinely petrified about what the Coronavirus means for me and my family. I'm scared of catching it, but there's also a small part of me that's scared of NOT catching it - I know that if I don't catch it, this crippling fear will continue to live with me until I do. I'm also ashamed that some of my family seem to think the rules don't apply to them, because they're putting themselves, and me, at risk. I'm concerned by how long the lockdown will last for - I understand it's essential and personally have no issues with it, but I think the longer it lasts the less others will comply with it.",False,True,False
122,"Recent events have showed that no one is immune from this virus, it can affect anyone from the elderly to the very young.As you can not detect it, it is an invisible enemy, which I struggle to cope with.
The Queens address was a boost, but then we got the news that the PM was in hospital. This is not good, it is a living nightmare that we are all living. It will end , but when, it is difficult tp predict. It will be a long time before life returns to normality. At the moment, I am leading a very quiet life , only going out when necessary, unable to see my friends or family.",False,True,False
123,"I feel very angry that some people are not following the rules, they are visiting neighbours etc and bragging about it on facebook and I am disgusted by their selfishness. I am missing people during the lockdown and am being sensible and responsible by staying inside and not seeing anyone, but others who are not being sensible are making it last longer and making it worse for everyone and I think they are incredibly selfish and it makes me very angry. I feel sad that I cannot see people and very anxious and depressed.",True,True,True
124,I am worried about what is going to happen. I am worried about getting ill and leaving my children behind. I am worried about catching it from work. I miss my family dreadfully and my close friends. I am worried about the impact on my job and career. I am worried about not being able to buy food in a few weeks and my child missing out at school. I hope the country comes out with this and can build itself back up. I am scared that the prime minister is not going to survive since being moved to intensive care,False,True,False
125,"It still feels unbelievable that this is happening. I can see it from the news and social media that people are dying, nurses and doctors pushed to their limits, emergency services trying to do their best..
I am worried about my family and our livelihood. I do believe the government is trying its best, although did not expect it to be honest. 
My heart goes out to the people who can't attend their loved ones funeral, doesn't have enough money to pay rent/bills/put food on the table or doesn't have anything at all.",False,True,False
126,"I'm sad about the deaths, but I'm trying to be practical about getting on with life. I'm getting very frustrated with people moaning about all of their new found free time whilst I'm trying to keep working and keep my colleagues safe. I'm worried for my older friends and family and what this all means for them. I'm hopeful that humanity will make it through this and be stronger for it at the other side. 

I'm now struggling to find 500 words! 

I'm trying to make the most of the time at home to read and to bake and enjoy the simpler things.",True,True,True
127,"I feel very scared of how everything has turned out with the world regarding corona virus (covid-19) and I am worried incase family members catch It, especially those who have underlying health issues. I'm worried incase things don't go back to normal, I'm scared incase the world goes into lockdown for months or even years. I'm shocked at the number of deaths in the UK and then again around the whole world. Although I am happy that I am at my family home and I am able to quarantine with them instead of being all alone 60 miles away from my parents and siblings",False,True,False
128,"I feel sad about the people who are ill and have died. The situation doesn't seem to be improving. all the people out of work. The world is going to be in a right state when everything gets back to normal. Airlines, Travel companies, pubs and shops will all go out of business.  I am sick of lock down. it is boring nothing open nowhere to go. The weather is nice now and all you can do is sit in the garden .I hope the situation improves soon or everyone is going to go crazy. It is hard to keep busy and I hate sitting around doing nothing, Watching TV. The days just drag.",True,False,True
129,"Apprehensive about the future in every way, eg. Work, economy, 
Cost of living and wellbeing. Fear about the situation and great anxiety, which i have felt for sometime now. By this I mean about what is happening in relation to this situation and how it is being handled. My main worry is not being able to access health care as we normally know it, if needed. The risk of going outdoors even to shop for essentials is a concern, but necessary as it is difficult to find available slots with supermarkets.  some people are not taking it seriously and people with symptoms are even carrying on as usual. This is sadly putting the eternal public at risk.  Not knowing when things will begin to improve and get better, will it be weeks or months. This is completely the unknown and very frightening.",False,True,False
130,"I am very frightened, the news has just come on that the prime minister has just gone to intensive care and suddenly I feel very vulnerable.  I want to pray, I hardly ever pray and I feel so helpless.  I have no idea how this will end.  I feel that the planet is saying “I need a rest from you and I’m punishing you like you punish me”. I want to cry, I can’t sleep and I am so very, very anxious. I am frightened for my grown up children who do not live near me, I miss them and hope against all hope that they stay safe.  One is a key worker, I just want them home with me.",False,True,True
131,"At this moment in time I feel extremely worried and angry about the Covid-19 pandemic. Plans I had made for the future have all gone and unlikely to occur again. Holidays cancelled, birthdays affected. I am very worried about the health and wellbeing of my family and friends who are all compromised due to underlying health conditions. People are not following the rules of social distancing and believing it's just the flu. Needlesly risking other people's lifes due to their own ignorance and stupidity. It has been difficult trying to get time off work in order to self isolate so as to protect my family. I'm lucky I work in a sector that can continue to provide a service during this time (therefore my job is safe) but they are making life difficult by not providing us with proper protection from Covid-19 other than wash your hands and here's some antibacterial wipes.
The economy is going to tank again just as I was starting to gain my feet from the last financial crisis in 2008 which hit a few months after I finished high school. Stronger sanctions should have been in place weeks before the where to try and minimise the disruption to the world. All travel from hotspots banned, people quarantined for 14 days, large gatherings cancelled sooner. Hopefully lessons will be learnt for next time. The only glimmer of light is that people are helping others in need. I hope this can continue long after this is over.",True,True,False
132,"I am very tense about the corona situation. I am worried for my loved ones and my friends, I don’t want anything and to happen to them. I am scared to leave the house and when I absolutely have to I do it as quickly as possible. I want life to go back to normal. I don’t want to be scared of contact with people. I want to be free to go where I want. I’m scared that I will become infected and infect my family. I don’t believe people are taking this seriously and that the police need to do more to protect us. This lockdown is scary but needed.",False,True,False
133,"i feel apprehensive, anxious, nervous and worried about the current situation. Not for myself but for the older members of my family who may succumb to the virus. Also for my partner who at the moment is working with vulnerable people, she is taking all precautions but nothing is 100% in this world. My heart also goes out to those people working within the NhS AT THIS MOMENT IN TIME. The country is pulling together but there are still people who still do not understand how serious the situation is.",False,True,False
134,I am concerned for older members of my family as they could be seriously ill if they were to catch this. I’m also feeling sad about not being able to see family & friends and not being able to go out apart from my one walk a day. I feel positive that we will get through this but find I have good days and bad days. Now that the prime minister is very unwell with Coronavirus this has made me more anxious as it almost has made it more real. I’m thankful that I have my husband and two children living me so that I’m not alone each day. I am also thankful that my family have been unaffected by this virus so far. I also appreciate my freedoms and loved ones more than I did before this situation.,False,True,True
135,I feel extremely sad being away from friends and family. Sad for others who are suffering and sad for all the people who have lost their lives or loved ones. I am nervous about what the future holds for everyone and worried about whether we will return to normal. Scared whether this will ever stop and how we will cope. Worried for all concerned. It is a stressful time for all but I also feel annoyed at those who are not sticking to the rules. I’m staying indoors and everyone else should too.  I have been quite emotional about the whole situation in recent days and I fear that it is going to get worse over the coming weeks,True,True,True
136,"I feel very fearful about the Coronovirus situation. I'm worried for myself and my partner and our families if we get sick. Within our family there are family members with MS and COPD who we are even more worried about. I am sad that I can't see my family for goodness knows how long, but this is for the best as I wouldn't want to risk giving them anything. I'm worried about work and money, I'm on zero hours agency and my partner maybe being furloughed soon and we are already struggling. I'm angry about the people who aren't listening to the stay in rules and who are just going about things as normal and not caring and seeing friends and family. I think that the country should be put on full lockdown, with no outdoor exercise and strictly only allowed out once a week for food and medicine and that's it. The sooner we lockdown fully and stop these people going out and ignoring the rules, the sooner this virus stops and the sooner life can get back to normal. But the government needs to be firmer with these people not listening or caring.",True,True,True
137,"EXTREMELY AGITATED. WORRIED TO POINT OF NOT SLEEPING PROPERLY.  CANT GO OUT AS PEOPLE ARE MOANING ABOUT IT.  FED UP TO THE BACK TEETH.  CANNOT GO ON LIKE THIS FOR SURE. WHAT CAN YOU DO, ABSOLUTELY NOTHING.  REALLY ALL THESE THEORIES GOING THROUGH MY MIND, THIS VIRUS STARTED IN WUHAN LABS BY THE CHINESE, YEAH ITS VERY POSSIBLE DUE TO CURRENT RESTRAINT PUT ON CHINESE PEOPLE BY THEIR SO CALLED LEADERS.  HAD TO TRY AND PUT A FACE ON IT, TO EASE CONSCIOUS SO CAN SLEEP AT NIGHT.....NOT.
TO BE HONEST, THE WHOLE COUNTRY IS FED UP WITH IT.  THINK BORIS JOHNSON HASNT DONE TO WELL AS HE IS NOW IN INTENSIVE CARE AT ST. THOMAS;S HOSPITAL.",True,True,False
138,I feel anxious constantly but it’s in the background. Today has felt better because I’m not at work so it’s not been at the forefront of my mind. If I think about it I can’t quite get my head around it all. I feel scared that it’s going to get or that someone I know could get it. Initially I wasn’t too worried but now people are dying and it scares me to think someone I know could actually die from this. It’s just so surreal and unbelievable. I work in a hospital so I hear about the realities of the situation. This doesn’t help my anxiety but at the same time I want more information,False,True,False
139,I am angry because the United Kingdom government has not closed non-essential construction sites. My neighbour is having a house renovation and have not been asked to stop construction despite the noise on my mental health and the increased risk of Coronavirus through its spread from builder to builder. The government needs to close down non essential construction sites otherwise there will be more deaths and unnecessary lives will be loss. I am also scared for the mental and physical health of my already ill and disabled family due to the Coronavirus situation.,True,True,False
140,"There is a slight touch of anger in terms of the carelessness that gave the virus the opportunity to reach humans in the first place and then the cover up by the Chinese government but there is an overwhelming feeling of sadness for all the devastation it is causing in terms of lives lost and financial impact to individuals.

Furthermore, there is a bit of anxiety and fear in terms of how it will impact me and my family as my wife is a frontline doctor. Personally, I am working from home so it has been a bit of a break for me from my hectic schedule and a chance to recuperate but also missing on certain things that were taken for granted previously.",True,True,True
141,"I am not particularly scared because I am young and are more likely to recover from it and i know the procedure to stop the spread of the virus and know that I am not putting myself at risk. The most anxiety comes from spreading to other people who are not as healthy as I am, which is a horrible feeling. To see how many people have died from the virus has made me feel afraid for the families who have to watch loved ones die without being able to say goodbyes fully and have to see them die without being comforted in their transition.",False,True,False
142,"Feel that the threat is still coming. Feel very lonely because I live alone. Feeling I’ve eaten too much chocolate because I’m just a bit fed up and all Easter eggs on offer at the moment!
I’m more concerned for the older people I know such as my parents and someone I’m keeping an eye on in assisted-living. 
Do you feel I need to keep reminding myself how lucky I am. I live in a nice area with easy access to open spaces and I have supermarkets in walking distance. Most of the world doesn’t have this luxury.",False,True,True
143,"I am frustrated with the restrictions, concerned about older relatives and also friends who are working in the NHS. 
I contend that the Government has endangered more UK lives with its haphazard approach in which herd immunity seemed to be the policy, where testing is minimal and health workers are not appropriately protected. So yes as a result of all of this, I do feel anger, mainly towards the government who now seems to be scapegoating elements of British society. Also, the Police with the new regulations or guidelines are sometimes overstepping in their interventions.",True,True,False
144,I am feeling a bit scared about the whole situation because of how much it feels like our lives have currently changed. I am also very sad at the number of people suffering and dying due to the coronavirus. It is sad to see the huge numbers of people suffering and dying around the world. I also feel angry at the people who are not following the governments guidelines of staying at home to help save lives and not following the social distancing guidelines. Therefore I have mixed feelings about the current Corona situation.,True,True,True
145,"I wish I knew how long this would last for and that everyone I care about will survive it, not just physically but I am concerned for their mental well being too and my own mentalhealth. I am not going to see a soul for many many days and already haven't for about 17 days. I am sad for all the suffering that is happening and the injustice of the nhs workers and the carers dying for lack of safety equipment. I am sad for those experiencing grief in the worse way possible as they can't be with their loved ones or have funerals attended in the normal ways. I am curious about what life will be like for us all when all this is over. I tend to think of it as this year is a right off and I hope next year the coronavirus will have passed as I can't cope with the uncertainity of not knowing how long this is for. But I am afraid that I might be wrong and that it may last for longer than a year. I wish I could just go to sleep until it is all over and the pandemic is over.",False,True,True
146,Significant Anger and disappointment that we are in this situation which could have been significantly reduced had the governemnt acted much earlier to isolate those coming into the country from know infected areas. Dire and extremely slow response to prevent hoarding of food. Dire response to protect the vulnerable from job loss and apply for benefits. Worried for the extremely vulnerable relatives I have who haven’t and won’t leave their houses for 12 weeks. Anger tHat the lock down has also been poorly managed persecuting the responsible residents,True,True,False
147,"I feel saddened at the number of deaths of NHS workers who have not been adequately supplied with PPE, these deaths are preventable and should never have occurred if they were given the right equipment to do their job safely. And that only recently they are being tested. 

I also feel for those who are dying not of covid but as a result, those who surgery been cancelled or those in too much fear to attend A&E with life threatening symptoms

I'm angry that we were slow of the mark, lockdown should have occurred sooner and more tests carried as well as contact tracing.",True,False,True
148,My grandad is currently hospitalised with the coronavirus so I am feeling sad and anxious about that at this time. I am worried he is not going to survive and that I won’t be able to be there for my grandma. I also feel angry that this has happened and feel that this is an attempt at a population cull that has escalated out of hand. I feel anxious that other members of my family will contract the virus as well. I feel angry that some people aren’t following the lockdown rules and don’t seem fazed if they contract or spread the virus.,True,True,True
149,"I feel very angry and annoyed with people that are not listening to the rules and not staying home, the amount of people that have been seen in big groups and with friends etc in public places is ridiculous. This is leading me to feel very worried about what is going to happen to the economy, the likes of travel and businesses, what this is going to do to them. Most of all I am the most worried about my loved ones, keeping them safe, worried about my elderly grandmother that lives alone and how this is going to affect her mental health.",True,True,False
150,"I'm not worried about the effects of Corona on my personal well-being, but I'm concerned about the long-term economic consequences of mass quarantine. I find it frustrating how scared and anxious most people seem to be because of Corona, even though it poses little to no threat to the majority of them. I think the current measures meant to stop the spread of the virus will do more harm than good in the long run, because life can't just stop for several months. I do, however, appreciate the new opportunities to spend more time by myself at home, including working from home (which I've never done before).",True,True,False
